external_id,numero_partido,fecha,hora,categoria,tira,equipo,rival,localia,espacio,direccion,venue,status_label
276521,53142,2026-09-11,21:30,Superiores,Tercera,Superiores ECHAGÜE,PIEDAD,Local,Cancha 1,"CANCHA ECHAGÜE Y SECRETARIA: Portela 836, Capital Federal",ECHAGÜE #1,Programado
277194,57439,2026-09-17,21:30,Superiores,Septima,Superiores ECHAGÜE B,CGBEL,Local,Cancha 2,"CANCHA ECHAGÜE Y SECRETARIA: Portela 836, Capital Federal",ECHAGÜE #1,Programado
276525,53146,2026-09-18,21:30,Superiores,Tercera,Superiores ECHAGÜE,LIM,Visitante,,"CANCHA ECHAGÜE Y SECRETARIA: Portela 836, Capital Federal",LIM #1,Programado
239072,741288,2026-09-19,10:00,Sub 11,Nivel D,Sub 11 ECHAGÜE,HURACAN,Local,Cancha 2,"CANCHA ECHAGÜE Y SECRETARIA: Portela 836, Capital Federal",ECHAGÜE #1,Programado
239600,742288,2026-09-19,11:00,Sub 12,Nivel D,Sub 12 ECHAGÜE,HURACAN,Local,Cancha 2,"CANCHA ECHAGÜE Y SECRETARIA: Portela 836, Capital Federal",ECHAGÜE #1,Programado
240128,743288,2026-09-19,12:00,Sub 13,Nivel D,Sub 13 ECHAGÜE,HURACAN,Local,Cancha 2,"CANCHA ECHAGÜE Y SECRETARIA: Portela 836, Capital Federal",ECHAGÜE #1,Programado
240656,744288,2026-09-19,13:15,Sub 14,Nivel D,Sub 14 ECHAGÜE,HURACAN,Local,Cancha 2,"CANCHA ECHAGÜE Y SECRETARIA: Portela 836, Capital Federal",ECHAGÜE #1,Programado
241052,745288,2026-09-19,14:30,Sub 15,Nivel D,Sub 15 ECHAGÜE,HURACAN,Local,Cancha 2,"CANCHA ECHAGÜE Y SECRETARIA: Portela 836, Capital Federal",ECHAGÜE #1,Programado
241712,746288,2026-09-19,15:45,Sub 16,Nivel D,Sub 16 ECHAGÜE,HURACAN,Local,Cancha 2,"CANCHA ECHAGÜE Y SECRETARIA: Portela 836, Capital Federal",ECHAGÜE #1,Programado
242240,748288,2026-09-19,17:00,Sub 18,Nivel D,Sub 18 ECHAGÜE,HURACAN,Local,Cancha 2,"CANCHA ECHAGÜE Y SECRETARIA: Portela 836, Capital Federal",ECHAGÜE #1,Programado
242768,749288,2026-09-19,18:30,Sub 21,Nivel D,Sub 21 ECHAGÜE,HURACAN,Local,Cancha 2,"CANCHA ECHAGÜE Y SECRETARIA: Portela 836, Capital Federal",ECHAGÜE #1,Programado
277197,57442,2026-09-24,21:30,Superiores,Septima,Superiores ECHAGÜE B,CASH,Local,Cancha 2,"CANCHA ECHAGÜE Y SECRETARIA: Portela 836, Capital Federal",ECHAGÜE #1,Programado
276528,53149,2026-09-25,21:30,Superiores,Tercera,Superiores ECHAGÜE,MORON B,Visitante,,"CANCHA ECHAGÜE Y SECRETARIA: Portela 836, Capital Federal",MORON #2,Programado
239075,741291,2026-09-26,09:30,Sub 11,Nivel D,Sub 11 ECHAGÜE,ABS,Visitante,,"CANCHA ECHAGÜE Y SECRETARIA: Portela 836, Capital Federal",ABS #1,Programado
239603,742291,2026-09-26,10:30,Sub 12,Nivel D,Sub 12 ECHAGÜE,ABS,Visitante,,"CANCHA ECHAGÜE Y SECRETARIA: Portela 836, Capital Federal",ABS #1,Programado
240131,743291,2026-09-26,11:30,Sub 13,Nivel D,Sub 13 ECHAGÜE,ABS,Visitante,,"CANCHA ECHAGÜE Y SECRETARIA: Portela 836, Capital Federal",ABS #1,Programado
240659,744291,2026-09-26,12:45,Sub 14,Nivel D,Sub 14 ECHAGÜE,ABS,Visitante,,"CANCHA ECHAGÜE Y SECRETARIA: Portela 836, Capital Federal",ABS #1,Programado
241055,745291,2026-09-26,14:00,Sub 15,Nivel D,Sub 15 ECHAGÜE,ABS,Visitante,,"CANCHA ECHAGÜE Y SECRETARIA: Portela 836, Capital Federal",ABS #1,Programado
241715,746291,2026-09-26,15:15,Sub 16,Nivel D,Sub 16 ECHAGÜE,ABS,Visitante,,"CANCHA ECHAGÜE Y SECRETARIA: Portela 836, Capital Federal",ABS #1,Programado
242243,748291,2026-09-26,16:30,Sub 18,Nivel D,Sub 18 ECHAGÜE,ABS,Visitante,,"CANCHA ECHAGÜE Y SECRETARIA: Portela 836, Capital Federal",ABS #1,Programado
242771,749291,2026-09-26,18:00,Sub 21,Nivel D,Sub 21 ECHAGÜE,ABS,Visitante,,"CANCHA ECHAGÜE Y SECRETARIA: Portela 836, Capital Federal",ABS #1,Programado
277199,57444,2026-10-01,21:30,Superiores,Septima,Superiores ECHAGÜE B,VARG B,Visitante,,"CANCHA ECHAGÜE Y SECRETARIA: Portela 836, Capital Federal",VARG #1,Programado
276534,53155,2026-10-02,21:30,Superiores,Tercera,Superiores ECHAGÜE,CPAZUL,Local,Cancha 1,"CANCHA ECHAGÜE Y SECRETARIA: Portela 836, Capital Federal",ECHAGÜE #1,Programado
239085,741301,2026-10-03,10:00,Sub 11,Nivel D,Sub 11 ECHAGÜE,RACING,Local,Cancha 2,"CANCHA ECHAGÜE Y SECRETARIA: Portela 836, Capital Federal",ECHAGÜE #1,Programado
239613,742301,2026-10-03,11:00,Sub 12,Nivel D,Sub 12 ECHAGÜE,RACING,Local,Cancha 2,"CANCHA ECHAGÜE Y SECRETARIA: Portela 836, Capital Federal",ECHAGÜE #1,Programado
240141,743301,2026-10-03,12:00,Sub 13,Nivel D,Sub 13 ECHAGÜE,RACING,Local,Cancha 2,"CANCHA ECHAGÜE Y SECRETARIA: Portela 836, Capital Federal",ECHAGÜE #1,Programado
240669,744301,2026-10-03,13:15,Sub 14,Nivel D,Sub 14 ECHAGÜE,RACING,Local,Cancha 2,"CANCHA ECHAGÜE Y SECRETARIA: Portela 836, Capital Federal",ECHAGÜE #1,Programado
241065,745301,2026-10-03,14:30,Sub 15,Nivel D,Sub 15 ECHAGÜE,RACING,Local,Cancha 2,"CANCHA ECHAGÜE Y SECRETARIA: Portela 836, Capital Federal",ECHAGÜE #1,Programado
241725,746301,2026-10-03,15:45,Sub 16,Nivel D,Sub 16 ECHAGÜE,RACING,Local,Cancha 2,"CANCHA ECHAGÜE Y SECRETARIA: Portela 836, Capital Federal",ECHAGÜE #1,Programado
242253,748301,2026-10-03,17:00,Sub 18,Nivel D,Sub 18 ECHAGÜE,RACING,Local,Cancha 2,"CANCHA ECHAGÜE Y SECRETARIA: Portela 836, Capital Federal",ECHAGÜE #1,Programado
242781,749301,2026-10-03,18:30,Sub 21,Nivel D,Sub 21 ECHAGÜE,RACING,Local,Cancha 2,"CANCHA ECHAGÜE Y SECRETARIA: Portela 836, Capital Federal",ECHAGÜE #1,Programado
277204,57449,2026-10-08,21:30,Superiores,Septima,Superiores ECHAGÜE B,NOLTING,Local,Cancha 2,"CANCHA ECHAGÜE Y SECRETARIA: Portela 836, Capital Federal",ECHAGÜE #1,Programado
276535,53156,2026-10-09,21:30,Superiores,Tercera,Superiores ECHAGÜE,CCC,Visitante,,"CANCHA ECHAGÜE Y SECRETARIA: Portela 836, Capital Federal",CCC #1,Programado
276542,53163,2026-10-15,21:30,Superiores,Tercera,Superiores ECHAGÜE,CIUDAD B,Visitante,,"CANCHA ECHAGÜE Y SECRETARIA: Portela 836, Capital Federal",CIUDAD #2,Programado
277210,57455,2026-10-22,21:30,Superiores,Septima,Superiores ECHAGÜE B,GELP B,Visitante,,"CANCHA ECHAGÜE Y SECRETARIA: Portela 836, Capital Federal",CENTENARIO #1,Programado
276544,53165,2026-10-23,21:30,Superiores,Tercera,Superiores ECHAGÜE,AC B,Local,Cancha 1,"CANCHA ECHAGÜE Y SECRETARIA: Portela 836, Capital Federal",ECHAGÜE #1,Programado
239086,741302,2026-10-24,09:00,Sub 11,Nivel D,Sub 11 ECHAGÜE,GEVP,Visitante,,"CANCHA ECHAGÜE Y SECRETARIA: Portela 836, Capital Federal",GEVP #1,Programado
239614,742302,2026-10-24,10:00,Sub 12,Nivel D,Sub 12 ECHAGÜE,GEVP,Visitante,,"CANCHA ECHAGÜE Y SECRETARIA: Portela 836, Capital Federal",GEVP #1,Programado
240142,743302,2026-10-24,11:00,Sub 13,Nivel D,Sub 13 ECHAGÜE,GEVP,Visitante,,"CANCHA ECHAGÜE Y SECRETARIA: Portela 836, Capital Federal",GEVP #1,Programado
240670,744302,2026-10-24,12:15,Sub 14,Nivel D,Sub 14 ECHAGÜE,GEVP,Visitante,,"CANCHA ECHAGÜE Y SECRETARIA: Portela 836, Capital Federal",GEVP #1,Programado
241066,745302,2026-10-24,13:30,Sub 15,Nivel D,Sub 15 ECHAGÜE,GEVP,Visitante,,"CANCHA ECHAGÜE Y SECRETARIA: Portela 836, Capital Federal",GEVP #1,Programado
241726,746302,2026-10-24,14:45,Sub 16,Nivel D,Sub 16 ECHAGÜE,GEVP,Visitante,,"CANCHA ECHAGÜE Y SECRETARIA: Portela 836, Capital Federal",GEVP #1,Programado
242254,748302,2026-10-24,16:00,Sub 18,Nivel D,Sub 18 ECHAGÜE,GEVP,Visitante,,"CANCHA ECHAGÜE Y SECRETARIA: Portela 836, Capital Federal",GEVP #1,Programado
242782,749302,2026-10-24,18:00,Sub 21,Nivel D,Sub 21 ECHAGÜE,GEVP,Visitante,,"CANCHA ECHAGÜE Y SECRETARIA: Portela 836, Capital Federal",GEVP #1,Programado
276549,53170,2026-10-29,21:30,Superiores,Tercera,Superiores ECHAGÜE,PIEDAD,Visitante,,"CANCHA ECHAGÜE Y SECRETARIA: Portela 836, Capital Federal",PIEDAD #1,Programado
277211,57456,2026-10-29,21:30,Superiores,Septima,Superiores ECHAGÜE B,APV,Local,Cancha 2,"CANCHA ECHAGÜE Y SECRETARIA: Portela 836, Capital Federal",ECHAGÜE #1,Programado
239097,741313,2026-10-31,09:30,Sub 11,Nivel D,Sub 11 ECHAGÜE,CANG,Visitante,,"CANCHA ECHAGÜE Y SECRETARIA: Portela 836, Capital Federal",CANG 2 #2,Programado
239625,742313,2026-10-31,10:30,Sub 12,Nivel D,Sub 12 ECHAGÜE,CANG,Visitante,,"CANCHA ECHAGÜE Y SECRETARIA: Portela 836, Capital Federal",CANG 2 #2,Programado
240153,743313,2026-10-31,11:30,Sub 13,Nivel D,Sub 13 ECHAGÜE,CANG,Visitante,,"CANCHA ECHAGÜE Y SECRETARIA: Portela 836, Capital Federal",CANG 2 #2,Programado
240681,744313,2026-10-31,12:45,Sub 14,Nivel D,Sub 14 ECHAGÜE,CANG,Visitante,,"CANCHA ECHAGÜE Y SECRETARIA: Portela 836, Capital Federal",CANG 2 #2,Programado
241077,745313,2026-10-31,14:00,Sub 15,Nivel D,Sub 15 ECHAGÜE,CANG,Visitante,,"CANCHA ECHAGÜE Y SECRETARIA: Portela 836, Capital Federal",CANG 2 #2,Programado
241737,746313,2026-10-31,15:15,Sub 16,Nivel D,Sub 16 ECHAGÜE,CANG,Visitante,,"CANCHA ECHAGÜE Y SECRETARIA: Portela 836, Capital Federal",CANG 2 #2,Programado
242265,748313,2026-10-31,16:30,Sub 18,Nivel D,Sub 18 ECHAGÜE,CANG,Visitante,,"CANCHA ECHAGÜE Y SECRETARIA: Portela 836, Capital Federal",CANG 2 #2,Programado
242793,749313,2026-10-31,18:30,Sub 21,Nivel D,Sub 21 ECHAGÜE,CANG,Visitante,,"CANCHA ECHAGÜE Y SECRETARIA: Portela 836, Capital Federal",CANG 2 #2,Programado
239033,741249,2026-11-08,09:30,Sub 11,Nivel D,Sub 11 ECHAGÜE,OESTE,Visitante,,"CANCHA ECHAGÜE Y SECRETARIA: Portela 836, Capital Federal",OESTE #1,Programado
239561,742249,2026-11-08,10:30,Sub 12,Nivel D,Sub 12 ECHAGÜE,OESTE,Visitante,,"CANCHA ECHAGÜE Y SECRETARIA: Portela 836, Capital Federal",OESTE #1,Programado
240089,743249,2026-11-08,11:30,Sub 13,Nivel D,Sub 13 ECHAGÜE,OESTE,Visitante,,"CANCHA ECHAGÜE Y SECRETARIA: Portela 836, Capital Federal",OESTE #1,Programado
240617,744249,2026-11-08,12:45,Sub 14,Nivel D,Sub 14 ECHAGÜE,OESTE,Visitante,,"CANCHA ECHAGÜE Y SECRETARIA: Portela 836, Capital Federal",OESTE #1,Programado
241013,745249,2026-11-08,14:00,Sub 15,Nivel D,Sub 15 ECHAGÜE,OESTE,Visitante,,"CANCHA ECHAGÜE Y SECRETARIA: Portela 836, Capital Federal",OESTE #1,Programado
241673,746249,2026-11-08,15:15,Sub 16,Nivel D,Sub 16 ECHAGÜE,OESTE,Visitante,,"CANCHA ECHAGÜE Y SECRETARIA: Portela 836, Capital Federal",OESTE #1,Programado
242201,748249,2026-11-08,16:30,Sub 18,Nivel D,Sub 18 ECHAGÜE,OESTE,Visitante,,"CANCHA ECHAGÜE Y SECRETARIA: Portela 836, Capital Federal",OESTE #1,Programado
242729,749249,2026-11-08,18:30,Sub 21,Nivel D,Sub 21 ECHAGÜE,OESTE,Visitante,,"CANCHA ECHAGÜE Y SECRETARIA: Portela 836, Capital Federal",OESTE #1,Programado
277215,57460,2026-11-12,21:30,Superiores,Septima,Superiores ECHAGÜE B,CGBEL,Visitante,,"CANCHA ECHAGÜE Y SECRETARIA: Portela 836, Capital Federal",CGBEL #1,Programado
276553,53174,2026-11-13,21:30,Superiores,Tercera,Superiores ECHAGÜE,LIM,Local,Cancha 1,"CANCHA ECHAGÜE Y SECRETARIA: Portela 836, Capital Federal",ECHAGÜE #1,Programado
239108,741324,2026-11-15,09:00,Sub 11,Nivel D,Sub 11 ECHAGÜE,CI B,Visitante,,"CANCHA ECHAGÜE Y SECRETARIA: Portela 836, Capital Federal",S. ESPAÑOLA,Programado
239636,742324,2026-11-15,10:00,Sub 12,Nivel D,Sub 12 ECHAGÜE,CI B,Visitante,,"CANCHA ECHAGÜE Y SECRETARIA: Portela 836, Capital Federal",S. ESPAÑOLA,Programado
240164,743324,2026-11-15,11:00,Sub 13,Nivel D,Sub 13 ECHAGÜE,CI B,Visitante,,"CANCHA ECHAGÜE Y SECRETARIA: Portela 836, Capital Federal",S. ESPAÑOLA,Programado
240692,744324,2026-11-15,12:15,Sub 14,Nivel D,Sub 14 ECHAGÜE,CI B,Visitante,,"CANCHA ECHAGÜE Y SECRETARIA: Portela 836, Capital Federal",S. ESPAÑOLA,Programado
241088,745324,2026-11-15,13:30,Sub 15,Nivel D,Sub 15 ECHAGÜE,CI B,Visitante,,"CANCHA ECHAGÜE Y SECRETARIA: Portela 836, Capital Federal",S. ESPAÑOLA,Programado
241748,746324,2026-11-15,14:45,Sub 16,Nivel D,Sub 16 ECHAGÜE,CI B,Visitante,,"CANCHA ECHAGÜE Y SECRETARIA: Portela 836, Capital Federal",S. ESPAÑOLA,Programado
242276,748324,2026-11-15,16:00,Sub 18,Nivel D,Sub 18 ECHAGÜE,CI B,Visitante,,"CANCHA ECHAGÜE Y SECRETARIA: Portela 836, Capital Federal",S. ESPAÑOLA,Programado
242804,749324,2026-11-15,18:00,Sub 21,Nivel D,Sub 21 ECHAGÜE,CI B,Visitante,,"CANCHA ECHAGÜE Y SECRETARIA: Portela 836, Capital Federal",S. ESPAÑOLA,Programado
239112,741328,2026-11-28,10:00,Sub 11,Nivel D,Sub 11 ECHAGÜE,SGREGOR B,Local,Cancha 2,"CANCHA ECHAGÜE Y SECRETARIA: Portela 836, Capital Federal",ECHAGÜE #1,Programado
239640,742328,2026-11-28,11:00,Sub 12,Nivel D,Sub 12 ECHAGÜE,SGREGOR B,Local,Cancha 2,"CANCHA ECHAGÜE Y SECRETARIA: Portela 836, Capital Federal",ECHAGÜE #1,Programado
240168,743328,2026-11-28,12:00,Sub 13,Nivel D,Sub 13 ECHAGÜE,SGREGOR B,Local,Cancha 2,"CANCHA ECHAGÜE Y SECRETARIA: Portela 836, Capital Federal",ECHAGÜE #1,Programado
240696,744328,2026-11-28,13:15,Sub 14,Nivel D,Sub 14 ECHAGÜE,SGREGOR B,Local,Cancha 2,"CANCHA ECHAGÜE Y SECRETARIA: Portela 836, Capital Federal",ECHAGÜE #1,Programado
241092,745328,2026-11-28,14:30,Sub 15,Nivel D,Sub 15 ECHAGÜE,SGREGOR B,Local,Cancha 2,"CANCHA ECHAGÜE Y SECRETARIA: Portela 836, Capital Federal",ECHAGÜE #1,Programado
241752,746328,2026-11-28,15:45,Sub 16,Nivel D,Sub 16 ECHAGÜE,SGREGOR B,Local,Cancha 2,"CANCHA ECHAGÜE Y SECRETARIA: Portela 836, Capital Federal",ECHAGÜE #1,Programado
242280,748328,2026-11-28,17:00,Sub 18,Nivel D,Sub 18 ECHAGÜE,SGREGOR B,Local,Cancha 2,"CANCHA ECHAGÜE Y SECRETARIA: Portela 836, Capital Federal",ECHAGÜE #1,Programado
242808,749328,2026-11-28,18:30,Sub 21,Nivel D,Sub 21 ECHAGÜE,SGREGOR B,Local,Cancha 2,"CANCHA ECHAGÜE Y SECRETARIA: Portela 836, Capital Federal",ECHAGÜE #1,Programado
